1441	1539	31760	8502	38025	61147	54691	2765	22264	5510	7806	27218	47293	5581	6638	43080	51240	65114	10574	10863	35096	18120	22743	23119	23962	24571	25149	26645	28042	39920	29874	49092	50415	65325	65568	67173	22664	5501	5659	31872	59819	30767	60425
39085	16278	49958	49074	361	6254	32833	48098	5339	6055	6517	6543	10431	11078	15618	18433	19390	19470	23825	24711	25092	26398	37963	38055	38500	40435	42819	46344	47542	51294	51840	53450	55443	58037
6975	6466	32800	54465	14774	32838	60374	5873	25856	49948	43016	21326	47907	44762	26850	40719	5554	48634	66382	19173	49165	65627	67996	51183	57612	15845	17683	31852	33873	40898	50279	59702
34475	58926	8586	955	48299	6900	25502	1174	16046	18259	60295	62762	56437	6589	37800	6240	40280	67722	6518	46486	10865	16468	20609	23025	47341	59798	66447	1597	8980	38706	4914	32576
16164	9207	12067	52237	17289	11557	48795	1827	57885	17217	50330	43687	67619	21587	15304	5421	61879	1724	2177	10737	8036	36500	50653	58830	63366	63516	64169	35022
7859	68041	16455	38256	2705	36783	10631	505	17499	43700	805	12872	16581	27676	32546	33315	35110	36687	37420	37893	45523	56985	67824	67826	10112
31271	37108	57496	67383	8366	51266	1792	16560	37079	51355	37539	15757	42952	8882	13256	13740	27603	31104	35140	37082	41609	43182	43273	48388	62049
66247	40528	39192	4436	42304	40815	16619	36148	54576	46634	49964	7268	1514	25343	50642	61345	1299	33867	34623	4114	35220	25453	39195	56569	63793
35606	48570	58588	13937	13179	35630	66466	51268	29214	54094	61777	7135	11008	11059	24702	29205	33158	37939	52191	53196	54656	63584	5566	48571
44427	46237	29715	29291	25929	44370	29635	67101	67108	46160	24178	9220	23870	31911	41688	46065	4134	29519	22490	38946	43791	52017	59224	28270
51382	5660	7136	7704	8661	8672	8979	9082	15792	16496	18168	23701	31670	32661	34142	38112	38826	38892	40675	49304	52762	54845	56916	65199
51028	31998	59316	20484	34787	46077	62824	777	7255	67377	23829	21549	25714	22031	52700	65788	9156	60927	22237	43720	59684	37239	62609
65168	51890	8307	16685	16687	31503	67872	10598	14945	20820	22726	23072	23687	29335	32719	38965	40370	57830	61292	62494	63707	65091	68368
63697	24086	6769	32081	52628	47911	52820	8352	10561	10790	20434	37871	10548	38971	40015	40017	49805	51860	54846	56344	63585	25496
47283	28594	26756	40041	12117	65516	16796	27799	24167	49105	31023	25633	25200	39555	66644	2518	22594	33060	41979	50737	50738	61337
42516	23177	23203	38821	39469	36223	43993	15090	61839	64392	18677	21427	29862	41196	49150	62094	51742	54278	56432	35136	61184	35141
36103	1616	53444	22502	4389	4983	6397	6977	12459	14906	28651	28971	33431	44805	45526	10549	56583	57273	60445	66171	22770
12433	48868	9281	48886	4965	48343	15957	65570	62500	40430	9983	23124	30493	20111	37947	43396	51210	63385	67269	12335	60427
2254	64553	39004	46297	31219	52024	41127	240	4783	19839	26137	31479	68510	21520	25518	35641	44545	46663	58919	64555	11410
50943	5919	46569	47175	23942	51152	53909	20104	29201	40098	51351	22017	49033	34814	45885	46624	57129	49430	9945	59381	40805
23420	3572	60569	37295	4632	30448	54015	4394	10994	20211	25096	37944	49098	50406	57051	60866	62747	65183	65734	23982
68111	66505	68385	31319	34463	41378	49096	56256	68128	20655	6814	24885	34810	35114	23608	25684	34376	47544	55707	62837
31240	7233	136	20417	19718	30193	4526	12235	9297	32235	12642	12662	20895	22783	24199	39243	46501	60614	57781	65925
1653	24558	10278	17162	10108	6210	23282	43566	245	20075	46896	52956	42528	46865	41049	37244	16269	40529	45758	60646
54310	9184	16558	65422	53801	4554	12641	27174	14031	40330	54086	61758	35211	66154	64631	58834	48264	16351	57949	57957
20394	55835	20532	48773	16610	45417	38929	10849	51679	16500	67617	30073	39037	45963	23533	28179	35025	50989	52761
35455	40625	9494	53601	8012	51512	49118	60940	20427	21800	56482	64620	47948	10247	10857	20859	35761	45546	50324
30744	51438	57584	41092	45878	52919	5482	9037	60188	62418	17384	31204	42940	50363	62650	10512	10667	46873
9356	5303	13198	13960	31249	27122	23451	51706	46920	61857	27066	43723	55963	57004	62515	40656	66174	46542
64908	97	58376	116	442	40272	1301	6902	67415	10852	11185	28998	39174	40317	52695	59111	68280	65385
56473	19835	20279	39182	1306	18342	12404	16675	31985	51301	36787	36805	47773	51075	39501	25528	56426	63309
58633	50481	2328	1660	4727	6639	37851	40531	8121	19518	8927	35914	45233	52772	58029	61611	12869	50482
15617	64394	41465	21170	16031	29778	40438	8271	11101	33799	3102	35703	58120	65517	18258	19031	27738	64862
57878	36456	60268	64100	53086	5925	33892	8733	63805	52986	47551	15753	26665	34800	48729	53088	64168
54915	59789	14525	13243	4988	45712	22471	65727	45034	720	10529	12237	14979	26437	32600	37720	67620
14642	26306	34131	7887	9107	9948	55951	16986	41804	23686	36459	24969	36077	47514	61186	62649	31316
20943	10717	52204	36138	8702	25044	48031	42897	43826	3975	49573	4194	10733	46361	11002	51380	43583
18882	8854	47409	61582	8791	3920	47406	40140	11266	13370	37155	42281	8116	10406	37368	17185	58211
43136	28175	15388	23610	3011	17486	28115	35642	42323	39483	45656	46343	49566	61593	64226	64437	31735
5544	17793	61826	61844	10437	3050	3234	4719	7493	15393	8601	10500	35042	41832	52702	31409
46001	33512	3306	39659	30482	34669	56663	66664	24725	30772	24786	26451	27331	29383	32465	67001
46443	24059	29106	39835	12272	7912	21428	39837	12121	36340	16044	21790	18264	38504	1197	19519
68537	46660	47339	43144	65031	19669	68265	65045	4561	43977	35045	45031	54665	10185	39242	12499
55319	55811	12242	62044	60956	62015	12457	6156	17031	19721	35135	26381	49466	30610	38096	57096
25982	52364	32178	9656	41477	2123	61343	17965	44947	29302	30798	38384	44937	50183	59990	60145
33543	42913	6865	56486	39277	753	67247	6396	34147	37662	38837	44394	51567	52708	65859	296
21934	66288	27090	64971	8082	2602	8115	60632	9530	18534	21589	26719	35632	68131	24769	68178
40316	23918	46963	8575	4674	21339	34503	54567	64298	40303	46933	2689	8595	33265	3841	57638
3423	5745	60665	9483	4312	976	25451	3127	14958	56485	66898	47153	11227	40562	47597	42187
62074	30254	9901	43576	3091	6582	46804	9904	42821	54259	28161	28214	32935	59142	61104	19984
49480	56982	24127	32439	14489	14911	59374	52558	10111	31297	34242	54621	3360	16908	27036	63307
10772	59136	64624	49299	51989	51388	39807	11106	45466	57262	11099	10908	43801	47603	50569	52629
7696	41419	41958	44550	59283	16761	6402	67029	40584	58969	22135	35060	50947	51333	35044	50272
36383	24313	66513	61580	56014	59861	52492	55631	30647	40079	62335	42287	60094	66522	40047
40691	41588	56623	10553	31328	6541	249	63216	8484	12357	21342	37967	40906	50842	3928
43345	62245	9154	59343	14851	65505	5277	20845	43090	8275	33036	22026	360	24067	50159
8851	36481	487	22862	11490	45766	49069	8123	8527	9169	20030	64208	47775	48438	33979
16570	486	9105	10621	10923	58718	1747	15389	18248	39021	49220	8226	16819	60554	48300
19893	55802	34189	3188	3480	3765	8199	17956	20411	52038	56091	61291	66253	68438	10907
49978	63736	5942	25655	37972	56393	64383	25397	20944	8360	23422	47229	58319	65634	21736
59077	46695	39402	20519	6671	7272	58702	64507	16522	36907	58240	22462	55684	23171
52458	25428	53075	59846	22996	38369	59858	24561	44446	60041	25866	66623	36406	52432
19045	42995	58449	48002	61357	52747	37191	189	31631	3106	4106	30606	38330	39147
65922	46616	40012	12657	2893	7454	61333	13142	13875	14075	27029	47899	63706	54577
18844	51070	30481	65223	6701	29717	47458	11267	33030	34677	25289	49875	49431	12720
4186	42274	64031	4553	10524	56269	61623	64034	5545	23208	32206	43000	64422	67624
6948	65617	68057	24790	66704	192	46279	27140	39146	36594	41833	54624	68319	47598
477	29044	28111	40274	55676	183	478	42329	1053	29018	14501	37238	28974	28849
1048	12718	28950	37392	5471	19388	32056	33182	41537	3892	5486	5829	25065	12000
12841	19123	45863	36626	45904	9939	10115	27893	27894	31383	32583	63120	31157	30614
64142	5901	54714	34961	4966	9998	10738	23844	44676	46672	63273	65864	48095	18459
62725	15100	31145	53498	26196	25992	17081	33091	27892	49018	6169	5968	39	47430
56518	39145	42632	4318	52725	7273	8136	8591	39127	20037	23704	53458	11536	45145
4014	10233	14297	16654	41522	65185	18721	23550	45194	48903	66167	4921	19735	67871
24832	59471	61659	49600	22408	23307	7335	38847	5343	5591	17410	21187	62731
8863	20199	6065	34148	55545	44321	47002	47459	49471	57183	14644	64189	47086
43864	14381	896	1121	54321	1695	44831	4999	19491	26808	39728	42068	68737
45983	22735	37417	10445	22495	4878	40949	44787	45461	50644	51859	59885	68571
19512	14726	28128	42162	35204	27436	1829	34001	40014	51825	38507	67273	45524
18297	26122	31807	13717	60885	47569	14976	18242	21157	27973	59521	62746	55744
5029	8301	45181	46932	56910	16733	20901	26467	12580	2799	37003	51121	46251
17755	28209	36019	54519	64720	36011	46670	53681	50151	16644	5779	6436	50636
54948	15874	50445	14929	61222	21247	56805	44104	4660	62922	21601	46262	58840
67493	45898	64865	50620	66564	58462	9888	26503	43768	59125	66217	53501	6184
15587	10375	303	63721	64829	10407	34224	51408	53322	12245	46483	61148	64385
19714	29220	66474	64577	31079	44287	14762	36772	51985	31860	47943	46314	66527
65553	6499	19183	354	3195	5556	6287	7737	20177	20925	29762	33103	45879
64826	64076	12109	54334	61454	64430	16857	19046	28050	33433	37163	46632	34205
38484	47939	27100	29599	47263	1854	57444	58424	55520	28197	45024	62757	45541
47770	47877	59941	8727	13107	28879	40680	12859	31076	50659	61417	64035	49669
60691	60681	56821	37386	48104	27606	39611	22270	64187	37072	55850	57479	60683
21130	18165	31990	58736	9557	6309	1622	11690	45464	52928	24005	13885
64477	7322	33151	36637	58914	6562	40909	7129	23584	58902	14427	54561
52419	62668	30808	38011	38374	41823	44029	52429	52463	56097	59220	61425
24697	47580	57433	49460	51783	14394	44955	13774	22787	23566	33790	65426
21044	2658	48022	33231	4462	9920	21482	27827	29772	44870	50084	51336
35835	61364	51791	43740	6495	38074	48411	57295	30361	40907	43776	11423
61918	23717	47814	2009	52827	62345	50966	35892	2010	16451	22563	40275
6647	11069	53974	35439	41792	14903	50616	40100	50709	44804	66399	31025
14017	35488	46995	34618	5065	19625	22306	37165	61023	4144	62380	66254
11074	5477	24408	4795	65197	3543	19983	32558	39193	53748	3492	53798
53874	18413	39190	51215	15034	52053	34005	8427	18147	12871	19124	63905
20338	1268	23485	13389	37066	50437	9208	33973	6489	2075	18198	9218
56424	11203	13939	37799	65621	26757	43482	43551	51109	53441	16292	18257
1035	12334	19684	36884	1036	62661	20670	35481	39941	49607	60933	60935
17066	24870	35154	6873	37059	8869	14406	17796	30018	34790	45574	51221
9768	24712	43913	66262	43736	14980	23140	23147	6087	33722	62424	9503
63850	58622	53506	61648	45123	58231	57626	18636	22271	30206	55129	56267
68054	1126	47132	19997	64817	65832	22644	26958	7260	45190	45191	32485
41458	8803	20340	50713	35023	42446	9186	18125	28857	61612	33277	40817
7648	32408	47390	47146	56305	31863	3686	39960	48028	52728	61300	66827
23345	13761	8559	17046	20056	48004	35700	45010	54313	54000	54001	55162
45736	34672	58280	5472	27930	9570	14111	15268	21988	40222	49668	59362
36180	4158	23172	52276	20544	27343	7501	64186	57785	19180	60106	52315
13395	8722	27034	17075	9078	19447	57466	40564	36911	45756	49151	67654
34820	63815	16467	5423	8606	764	62976	4071	15358	39272	21561	37659
33179	19268	15473	40936	50449	33212	50937	41194	41409	43797	43798	36916
45226	63703	17040	10579	12590	17043	18017	36279	60863	60929	727	40385
2511	19105	4704	18668	10535	25287	25093	42889	30465	32506	17691	50575
16679	57165	60411	4872	17544	31164	53736	63889	3202	49671	21433	47934
59870	25318	25750	28406	40187	42018	30012	43356	2022	652	23113
48192	7660	12703	36112	16854	17484	18269	20848	22723	27938	41611
17667	18015	67887	3479	3969	23328	43002	59519	56687	64173	16497
880	62871	25137	49369	30217	3094	53649	11047	37334	17164	64212
5138	51327	6379	35480	22275	66019	15253	53481	51160	59146	65662
38203	4550	6648	11224	32928	11759	12644	20748	26326	64183	66476
66739	28421	28426	66561	40289	17878	17912	17921	43561	44537	44873
45319	64787	29068	13388	15729	34627	7599	13453	16926	23733	24875
1481	30205	51246	42535	2512	4867	7523	11691	13447	24781	55167
45556	40803	39916	28900	383	19169	33273	40153	56035	31314	20167
30291	66882	34441	1673	44325	61301	20813	22935	16512	24774	57253
14176	49929	55160	18063	15666	59836	24608	7361	43543	54699	3250
3624	48823	58006	46464	64447	43879	38660	48125	9618	66823	3625
67569	58748	11000	14295	15022	21550	31071	52993	58687	61079	67714
6366	888	6368	6284	36926	52662	42782	60776	61391	64195	15506
51763	67362	6773	65687	443	5443	22846	34813	39731	38	60086
32205	30559	8621	7865	41012	35250	38987	47400	55798	12264	45649
50231	32773	41767	6088	13772	16672	24263	31488	41769	54268	50331
17543	28152	44736	8923	31156	54079	3046	26929	67713	32815	54265
46850	67701	19747	52883	50288	7187	30313	21588	38001	60810	60103
15662	10988	54717	61635	49473	52933	6472	57297	25241	60634	62511
68024	34931	19521	13426	25717	38823	60869	13728	33545	36925	68303
18548	34958	68175	54251	34421	17879	54255	66567	35894	67014	61180
64011	48248	68542	9884	21624	4661	28279	29960	30908	41943	53737
39460	37025	15083	47901	37983	42276	2794	51030	4450	64033	62046
62541	62790	4141	20928	34236	4137	3934	29860	61352	65943	39383
65368	33430	60948	16821	19091	31810	33047	50487	56249	57146	68744
1021	37892	60618	57492	20924	33952	33957	48976	33317	57544	45575
68312	30367	14342	61336	54129	29129	30904	30905	51162	36927	47228
4866	39053	6151	26977	56644	53328	5970	31197	46264	65848	5304
5390	40905	7393	20549	14944	50627	53510	25094	64037	6089	22575
39115	39598	3916	13461	27007	1743	39087	46998	50791	58814	59703
9686	23788	22430	22847	27824	38333	55858	62695	66588	66639	68015
24478	60334	14497	58918	2560	7792	10487	20545	53024	53721	47927
6585	62972	13559	9936	18127	58453	20429	45184	48442	61202	64064
49421	2318	52301	67985	4682	4889	5546	9223	37490	50600	52280
30160	21669	22895	24721	12418	23560	31529	38492	65506	66939
68711	50052	18201	2670	4770	49516	49941	57758	66158	59119
41687	59882	7127	2679	12411	32575	18694	39386	51569	65895
33090	22152	9210	10568	16982	23526	46364	60332	60325	51252
12799	39648	9454	18151	27775	56440	47483	38480	52030	65292
63113	5379	9117	28320	8035	25669	42538	45749	52184	56769
2600	34222	4535	13745	15408	31731	65946	53749	60375	16684
44515	8109	44467	55970	18031	22441	25410	29976	30801	61421
37152	40816	9470	9464	11046	7429	10088	12290	44516	50938
30545	24897	28461	30909	43562	44540	55962	55965	65123	66417
20253	58019	68367	2168	38956	8016	21723	33104	56520	63526
16521	38924	33135	3142	60246	60191	24238	51612	3582	26178
66495	8025	48829	62604	18351	51605	51606	58076	22015	55816
5201	1025	30037	38818	11977	39162	34002	53746	1696	10924
57794	60324	9167	6266	10245	19469	38134	46921	5583	15084
63462	7250	39299	49001	3753	31037	6223	13247	55739	67497
52116	61069	3224	30548	1785	20810	10442	63306	55498	57001
3542	23182	43034	54802	43037	46497	32638	22865	47519	65341
16933	6448	32505	53513	53541	65882	7257	51147	59513	64741
42880	56475	42804	44782	59946	44755	39173	44757	51076	16858
33949	60999	42521	14512	40360	66890	7591	53999	54043	58824
2038	60720	24314	40698	58035	59276	59911	61433	31913	66542
43889	20152	48583	515	10515	63134	51191	50597	14529	24326
15510	24603	55867	66755	67282	9533	65017	54590	9691	46852
35336	7463	48895	3348	8242	59928	7049	54786	28880	31761
45632	3266	59908	14125	24418	43558	61637	63382	64702	31160
19665	21073	15334	44705	5380	41172	26053	61985	67386	26156
12576	31098	36949	7073	28638	30017	58599	63430	63425	31307
64452	50300	11513	38076	42396	35798	59815	6172	31673	58988
5776	8134	67983	16435	63355	370	7592	14089	44106	8984
41238	22643	9300	32136	37978	50054	26581	45669	53420	65650
44022	58650	24196	65624	7109	14484	14499	12986	23571	64080
18634	49804	47967	16934	49086	40560	49333	62544	8607	35040
20692	1	5426	58592	7367	12591	35698	64167	47485	49984
3249	49031	13750	31065	41395	45237	57054	58928	64603	12982
32162	62285	44567	41948	23000	59916	39959	23799	30648	62669
24986	20921	49190	58549	17487	18386	30467	36323	56781	56803
22716	37719	356	24990	32249	38867	51575	65647	65951	37502
38315	40536	8208	43867	7141	22121	40410	40519	62877	64172
30946	41935	14344	25291	60141	25408	56021	41480	59889	43547
37488	39861	22057	2701	5975	22483	50278	22920	56229	60138
66843	22923	31909	44329	40045	44949	45200	53105	59929	68001
51138	16476	20471	10576	27741	20289	44862	4536	23478	16620
25465	41601	59998	17913	31378	41205	44105	44332	53241	2111
35107	37520	4976	25335	61178	23943	49149	5833	41379	52507
45157	31421	68432	29935	27093	56177	7705	43718	61346	44324
6504	49681	53715	20039	24397	34803	23954	61000	12655	59084
66621	25792	26180	40061	38375	43590	44547	67150	14352	55873
51751	14239	28997	52477	31476	3268	7793	52771	62749	68116
28240	61796	13659	35113	14767	16279	17035	65847	41761
13664	57942	6439	7188	18671	23453	46870	50679	60872
11913	41302	19436	11442	49726	11925	19368	59399	66524
14888	38107	45942	7408	58210	18119	43920	35651	51332
18384	49143	2375	40524	55231	4080	21164	13337	62732
29515	33726	46139	57392	50332	48576	57648	10282	27133
65379	17329	41115	15912	9395	11531	12378	24201	49303
15993	34121	52622	56995	1767	47492	56300	65215	16495
60216	2127	12267	25931	43430	55961	62313	66624	56039
25844	28019	52491	2945	2948	28360	29754	44543	64707
33293	12993	38891	8077	19736	15635	37869	42915	55845
24544	9321	60136	23580	51143	65399	5870	11507	14784
3029	2784	31729	5665	60084	724	63324	64579	64581
440	45135	59925	49174	14429	22343	52208	53321	66173
38419	8982	15265	17806	59190	27352	55872	62769	59278
54042	50270	20864	60830	57084	51185	7988	48431	38332
49418	19974	14546	46740	53058	62083	16925	15897	14530
26042	8660	57947	44572	703	50831	14407	27912	49173
34305	61950	42186	50326	16053	26032	26033	37058	52701
63009	3984	5451	10669	37164	16976	22285	24198	52557
6738	20176	9026	53722	15464	38851	40666	65088	28043
42856	24872	42260	29950	55575	64612	14402	23297	5831
20449	2995	46993	46814	40405	11282	23588	31486	57269
34735	17601	30643	21049	61275	34740	39345	28991	48090
36679	806	4543	20343	32662	42914	39336	49548	51115
32109	34566	739	15011	28259	16587	21539	23972	61182
290	12143	62885	12167	34021	47057	63982	47582	50623
48387	62644	10079	25709	33856	41696	38052	30027	50702
62597	56150	16663	23700	26981	65099	58792	64619	61181
46786	64063	8281	51498	9030	44992	12985	21896	46274
8125	59682	1559	8705	35215	45771	48733	59653	56444
36071	54710	1101	13353	55655	20540	28054	28554	55797
31502	25603	48898	54241	8579	28222	68502	68736	37936
35910	21937	26724	26793	31820	8593	39119	40674	24783
8570	23743	38926	40631	2013	5450	20496	58935	66849
6435	3767	12243	16414	2108	23316	34746	53625	64600
27064	7470	1628	10082	10805	22568	22725	25276	33063
63279	13016	41362	46360	56834	41143	3098	58933	62637
53907	65316	42584	17756	67494	10858	16695	22165	45032
50360	49199	32856	14864	18867	53915	53520	60633	34203
63991	53684	300	30451	47230	57092	63274	63333	63992
10732	61889	3926	8225	21519	23066	53642	53709	27932
33919	30161	52033	3424	4911	8471	12863	59264	67626
1163	50403	11231	9065	32756	38954	377	45420	43552
4892	3922	13153	57209	10408	37393	56185	57052	65303
7172	37303	43994	57506	47896	5	24706	47401	67231
3504	6890	3359	49040	47752	63182	10622	67388	58552
5999	34871	10087	11084	12193	34477	38615	66289	68179
54112	56872	65805	962	51397	23071	30022	37522	65571
20158	416	575	7821	26922	27008	29776	51112	53410
8339	27154	43491	25515	62045	38438	24317	28119	34122
6515	45402	27221	28882	32467	45406	59126	67702	60942
41388	34159	65665	24766	278	21132	17576	40908	65250
10287	5858	42533	52659	10634	39381	40113	52637	61196
6596	4898	36632	38945	22591	655	60077	4652	47527
11090	4503	4521	1227	37008	35067	46572	68657
26913	11580	65137	2834	14245	26554	35372	65619
45107	7396	34990	39183	40634	45027	5439	41520
47116	47869	20166	23602	32697	61170	68745	23934
48973	10337	11040	32067	11196	12561	23477	51348
57738	2394	17554	2470	17702	29761	35059	54118
27587	49541	50970	56167	14935	10074	66183	68604
35424	27246	61129	34596	25290	56178	12874	20160
66349	67243	9681	16611	18541	21912	31881	42597
8495	38161	22569	58712	37367	22571	38747	66850
29859	43948	50913	47861	47374	47364	1563	21089
56083	49908	15005	55479	22062	57499	11930	54333
10011	29509	29725	67118	29596	32484	32729	59263
26304	47541	480	1191	4871	5064	54123	55973
35863	15678	67605	7112	17047	9565	16834	19439
37716	20599	54843	45015	51761	67299	16780	52979
15482	51911	39498	30896	33284	9895	3500	63699
35280	23543	6090	21691	22133	35026	37660	40635
66017	40262	56343	8465	60775	30200	23479	27935
46598	32635	48120	48122	15487	33141	38485	54326
17596	17575	61005	59089	28743	20076	9706	54789
31984	17894	44434	54810	23766	27356	59922	44326
51984	5702	34101	36472	17235	18279	58932	17557
31944	48758	42886	64485	6384	57255	8038	44436
8391	67905	11749	39184	48900	56629	63240	63909
37835	51876	19528	6860	23205	63519	25095	52769
52860	65248	53633	22609	13798	2121	29983	53517
26220	15295	42431	42444	11119	42466	3766	38707
38964	62905	63901	18665	34675	8866	40399	40561
25919	28278	53408	57281	62743	44556	27743	60025
63173	29750	44065	68566	64592	27226	62405	19191
53268	2061	42378	44614	22621	64640	29326	60107
33384	26155	5814	46250	4478	12463	27132	43100
59600	44674	44454	22209	23127	23764	41826	66848
65797	55119	5799	352	28702	48915	49690	40298
60403	13527	48076	47712	14029	38470	61102	50748
3682	41247	9317	10573	51529	23139	53456	36685
3637	11505	10533	45849	50584	56716	20693	62457
21301	5764	22938	18550	29953	19811	47714	21999
41167	37286	68251	39095	40092	41137	39378	68112
64740	19047	23955	28479	62832	49458	10773	26184
10486	41007	2371	43717	22298	44631	21076	64632
41074	36322	36193	58529	38111	10025	23755	52195
44262	44350	19003	28451	27319	7593	20853	45128
54696	48089	40081	16775	6392	768	51848	58832
19904	3788	50073	10659	59081	11050	65363	18350
44305	17983	25702	49172	48624	32275	52920	64400
28966	53132	54540	8805	17166	17693	25524	41075
58965	53528	28253	6201	30411	54087	6153	65963
52344	62676	30834	31004	31908	36777	41908	59871
26563	62255	38734	6394	6719	10809	16355	33796
43686	59169	14831	28286	31922	42500	55166	30494
43974	61262	51518	50572	51374	52058	39471	61615
62306	25163	28491	38361	44877	52431	54809	59949
15896	60931	30325	38949	28712	37112	50518	60934
22691	6222	8765	11012	33309	43803	39440	6219
4303	28195	67311	4404	45026	2411	23221	65087
53137	24566	26947	67166	25516	53091	56015	60150
14235	10497	24888	7133	25448	15468	10550	13938
26440	38865	26438	31873	55265	67823	41415	49691
20005	49865	11105	47827	16757	24698	42445	55120
57246	942	2433	3833	6584	28326	37512	39607
28194	17969	52506	43348	25724	60227	27674	44866
60421	46511	10305	50243	5346	60575	20218	41248
18656	2891	8257	8978	11121	37220	60804	52630
26943	31468	3228	26509	4623	47969	24062	65249
3832	893	46903	46541	1657	21792	8127	17409
7990	13244	31493	64725	62920	38625	33232	28987
40322	3776	8414	45663	49192	17109	17210	54596
12511	44868	5657	8973	8974	30563	30565	60605
464	59690	13802	9828	56442	15774	28858	62546
6181	22744	27460	29260	65631	36324	39963	60428
374	2169	17307	37419	61422	5452	38439	65195
28410	52351	57343	44430	30506	31474	52282	62937
39917	34850	49045	197	63863	4960	43739	51514
36483	132	50850	15947	13112	48389	62836	62050
16483	60174	4355	18252	52676	7142	22208	47526
27888	42894	10234	25032	34649	62099	46808	68027
2343	2342	2372	4142	7336	26510	31974	64386
40517	12981	48024	10740	39608	46876	51707
13648	3737	1693	33200	11443	35247	68409
19660	5800	4087	18678	42618	34822	47602
34926	50400	7439	9703	15518	65369	68176
35376	37185	4903	52044	11958	13584	26630
643	55934	26771	31059	45486	66186	67174
34417	2516	3923	14356	21570	67026	68009
33426	1444	14425	4189	12698	19172	30982
32054	5497	41317	50130	39957	42487	45715
1931	46311	13872	1765	4825	33099	45234
3965	58423	1027	17963	32562	10641	21075
33650	32461	30770	22504	33544	39165	62882
29595	26712	10017	52025	30584	20946	26176
62302	41967	2124	45142	59533	60110	21908
28439	62775	59145	62351	53270	45390	62664
26028	51824	10953	1195	34570	63912	36586
67453	47357	19808	39253	5597	2110	10957
35750	36010	39478	31195	20071	45205	18167
63786	51477	14083	52470	44647	47410	63970
67802	49509	3773	7256	7741	51036	43731
27896	35794	6835	43099	48637	6976	56971
42230	18977	40559	53064	22482	63907	49301
24748	54536	5479	24319	43919	54818	53688
2619	15460	15106	19005	36039	495	52517
20045	13333	6047	10172	24409	32863	40381
32803	31268	5983	10528	33801	39322	51912
32992	832	10093	63854	22574	35109	36341
33755	46064	67091	67092	60102	26652	41343
67652	10665	61999	2457	11080	24867	44685
47509	30077	2172	68324	31839	63464	63727
58365	61323	61762	19142	22198	43272	48605
37780	18348	233	67925	4707	6227	28850
16026	49177	39196	66824	67653	68114	68279
51548	54012	19275	13214	42473	305	62454
59197	66518	38435	25151	38164	27347	44997
53238	674	52151	25756	28262	61294	55971
25481	41912	34620	66603	18020	52347	62346
58410	29256	67855	48138	7241	22252	27028
7924	60546	2469	43978	28642	44600	60095
7573	4074	51851	46983	48677	52841	37837
24765	50090	25098	26662	30846	38123	58651
40221	3470	53942	6580	23935	40948	56585
43076	4894	17581	51833	51839	59375	68388
15175	10180	22003	44316	57132	10258	64404
27260	49455	4483	10580	48901	64710	66642
7566	16816	59095	38628	14480	18219	22179
17100	19982	51189	58455	39262	56151	59239
26127	4344	29342	25983	19927	10280	58888
37647	34513	47415	47429	11233	42946	52055
9064	8070	8671	1008	644	40366	44723
6796	32715	53469	45884	42770	16035	29005
18699	54619	5436	31840	53627	23545	61024
62404	17961	24311	29732	30498	34178	62378
20715	5828	41812	59268	18780	52843	49545
33986	43517	45446	21688	27328	42505	45325
23666	64658	741	17842	23816	43435	62741
18786	21008	10086	12360	21009	21010	23682
60519	57635	42391	2459	14490	19836	49076
11212	6591	32271	12215	50800	39340	40346
7048	17470	1149	49951	21700	36212	52958
51739	56311	13832	20535	61987	46859	34483
55517	56867	61896	22632	3038	32595	42261
54218	5778	21793	41192	65259	41398	63730
12310	4132	46869	14654	50957	51144	64703
965	31051	67327	37063	3757	64229	68472
40053	17838	44297	9821	44599	62670	51263
3520	23514	44803	52901	45924	42529	40423
5559	41176	5806	20420	38264	61832	41097
40444	10045	3097	45536	29726	42869	65424
7295	27737	6537	3203	6833	28254	60301
58119	1846	2754	57082	37418	62927	63332
56120	25197	43999	41338	25326	40699	55869
10677	22172	46630	56685	37293	32722	12194
3093	39320	44983	20050	43150	44621	57369
8970	20877	9544	32547	36585	42294	51122
3469	53439	39583	48611	6168	39946	4685
42460	60075	859	21714	8167	9216	26544
47747	61407	37292	35867	60580	41011	63242
34288	3989	13425	38089	21166	23936	34671
17182	26661	32814	58653	11009	42859	17488
28159	66144	56725	18779	4086	63535	15037
10640	22058	53616	2678	14107	64835	65354
41188	2729	14357	24120	26576	56915	38018
34558	8510	21165	35242	56348	57553	61025
3150	51615	51661	68457	4244	9301	34177
6251	11969	30903	27744	30836	33938	38505
25385	27468	6482	21910	25371	39086	27897
1344	4793	8709	42365	49225	16428	33923
140	1851	6455	32931	9462	62275	68467
45666	1147	23455	9170	46272	47924	50656
21141	12951	42486	27865	64960	51902	58787
1110	57091	23040	16584	34034	555	65134
16	4997	646	3193	55212	42400	65200
13554	15016	30581	38617	39549	58476	66952
21556	20615	24972	25715	37667	62551	35002
26536	19054	28978	29319	62460	3037	9617
15664	7914	19082	20046	46265	66412	67912
31103	63207	34183	42394	56780	60140	46575
24719	54675	42495	37658	4890	6615	28782
3437	4447	895	8867	25527	45405	50637
61843	18166	66825	14128	42496	56233	11756
12715	17370	64107	26919	50835	8878
22552	40147	16009	23169	28292	14745
24959	38955	45569	28967	63549	67862
11403	32832	15032	64950	15212	12439
63966	10229	22176	46513	46662	62453
23106	8871	23137	23549	24967	60440
67851	23023	30783	30495	44998	53442
61977	58395	58822	17512	40154	42325
32570	34276	21625	45081	30468	4308
35300	46759	12016	36768	46247	65893
6142	24295	20064	28847	22692	61247
55079	5491	10081	36722	41308	53065
42687	39366	3033	2472	13292	39348
33617	41759	27793	23138	36083	56010
1182	3175	16016	38133	49879	47594
22990	20616	40730	43233	56016	60697
31550	51604	17393	50367	62835	49166
44594	67080	32302	59216	2537	22592
36998	12096	64697	12749	32609	67031
29928	17150	4877	13702	19712	50234
3200	16975	2442	56801	1270	10257
23794	36415	67169	23116	29971	26190
18533	39548	5033	31832	28090	9910
10597	11683	15035	15730	26545	53516
31668	7455	17184	7440	5567	31633
5964	25027	61101	26655	6614	22161
49842	38038	37941	40579	20284	54790
2869	44100	56059	31890	40709	52866
26702	51090	39534	30579	61453	46536
6717	60282	23130	30847	47053	65834
19921	50213	5357	23939	34179	35644
63613	47200	9081	35427	14865	25449
56765	15631	35736	49563	20163	22065
7346	52753	25035	18675	36144	21542
2424	67149	58247	9922	17142	18032
20494	21813	52516	12906	64607	58989
68597	6809	40578	65182	46404	63363
48851	29959	4528	20623	12464	32728
64332	12230	66761	49993	38266	41104
23013	27723	54815	61338	17946	36778
37259	55501	39239	23581	33792	51271
56608	61811	4127	16689	18253	57066
3873	37442	11757	43738	52634	56487
13794	26734	17699	66471	66666	26720
67052	53102	23723	39777	52238	62662
65013	16612	50110	51406	55574	62085
26446	7417	60134	12481	59694	34191
8411	16332	45419	19906	33097	65618
38465	13496	24886	24060	57022	65322
8206	63883	12487	14832	37880	51566
50892	58474	42951	15200	28160	1203
51293	16291	25493	20607	44107	24970
26234	26969	2763	43724	45754	46281
44977	38831	10926	36505	66165	53930
40594	5492	32551	38210	18980	21954
21209	57365	12855	46499	38466	61988
55625	32606	27346	51879	51157	54126
19365	5487	40010	60087	3630	9560
20793	63396	50884	10403	16413	16823
34397	3925	37390	34476	65228	3189
19177	61622	1849	15018	62550	32179
36939	1176	13357	21764	38957	52923
50747	6531	30363	34141	62878	45187
2194	46325	15696	25656	28367	52169
27698	48262	15078	39925	52924	58833
4104	64152	22021	39924	68315	42775
42999	46357	48674	31992	45778	30162
6463	1141	11096	44851	53875	63994
66575	9521	41973	32082	23818	49601
46950	40231	11204	42074	47871	48414
2964	23245	11532	27155	46507	59148
43169	57332	897	37396	38958	66904
55610	3991	4794	5349	46764	57448
60010	23680	43796	41901	62714	30998
50002	18452	59260	18453	36902	45525
8911	2555	53454	45496	47075	57618
58685	56628	41595	35836	47832	66534
52373	59621	62771	27096	27225	30416
44883	37312	4654	37343	46266	50416
1590	46517	20130	38787	50489	59705
7974	20409	15488	32440	56586	65814
16671	17682	58709	60056	13138	68458
25789	36398	44004	2074	20606	25800
18432	36255	56194	22948	41043	11685
42814	64391	39202	37959	45487	61014
51108	63543	35301	58064	39811	46270
33969	129	9171	13842	13843	51523
48604	21727	53070	60068	63200	64175
40419	8365	2461	48896	51207	22115
60171	19100	42008	49121	31961	40407
45648	36235	21171	66499	27484	58148
39647	11852	18352	42742	57597	44551
38327	15396	10947	11083	32762	63331
26311	1594	32731	33105	45193	46665
4885	22333	6836	30314	52031	68735
29237	3781	39332	2558	8255	32545
31083	28650	54050	39301	41193	41400
13105	68125	64959	23149	49182	59363
26704	64225	9398	9949	42231	45945
31416	61415	31399	54080	12271	22864
35132	21752	65692	5424	10656	41135
52320	4896	2272	32864	34241	32916
13874	55471	16064	26541	38494	54051
45539	15441	41541	55939	38316	6779
12258	67572	2680	32730	50085	22622
26222	52556	5811	19280	20183	40994
37806	9230	29134	30504	59083	66300
10490	4459	47454	22564	50271	53324
27774	747	22239	38422	59790	62767
18064	2332	39808	49437	41420	62792
45848	27447	47946	64861	65089	6583
61020	8875	47238	22202	23064	27091
56855	20546	55803	39929	7755	49676
12295	9214	17671	50372	23824	54049
13558	55857	14481	26461	31161	39030
733	15900	65297	50691	15663	32304
43257	30371	43258	60069	62872	35652
14280	21998	28201	16825	51903	53866
41339	58286	45485	58276	10083	55558
14528	67910	21869	25029	41200	66218
55165	5066	37666	63818	36862	56609
23843	1974	42044	27025	27159	58495
19615	51720	52719	49983	52007
61742	38142	30600	48735	67577
45844	20894	22077	48441	60814
33715	27876	11286	35037	66996
2317	21394	36104	42234	46791
554	66820	57682	57739	58198
45385	37380	67012	33137	67230
60926	66821	16805	15223	38124
25264	31209	32288	59840	55936
18339	68480	14231	34143	68473
41084	60982	63726	52274	65868
66778	12458	34402	68207	68267
22961	28779	42207	23319	49970
49764	35001	52946	8224	45926
65346	10072	23803	34569	48881
57605	59730	19107	19111	62906
62691	30500	20618	52861	67406
5338	18910	10991	38204	50302
49295	1118	21144	60337	67804
17141	19740	14035	21834	6672
53676	24894	50792	58040	63969
3088	15343	63322	10978	49543
39773	9513	44574	60043	57772
2101	13234	48437	50056	66906
11953	55636	12363	39039	52714
29373	35639	41847	57373	66260
15946	65661	7703	11088	61392
49642	23324	458	679	31733
50192	50586	20948	21562	39614
58769	58086	14988	27139	33093
25442	4476	10541	19926	61394
53777	36109	24963	65961	40895
31702	23460	30377	43246	50690
19159	4400	22006	28746	43785
21895	67464	5746	16059	60027
28837	6154	28141	33092	62826
63572	15910	32245	33233	54667
28534	31296	66410	12019	58196
34891	23457	31623	46854	68028
36578	5823	47515	45565	48780
10425	27129	55218	63010	64176
4305	53387	53406	53407	53927
40924	68400	43393	15224	41830
34744	43783	1026	32449	26970
2934	46909	36209	7736	14023
5649	12530	3176	8511	53320
54615	51074	49340	38495	51092
50878	33866	8014	33263	38467
42341	63252	43811	4808	43231
41534	26979	11097	21395	41099
12639	53029	11192	17177	46346
16535	50109	49223	16339	37486
13577	47566	26328	42917	52868
12697	10653	15013	37360	48778
65022	55819	55806	34670	68004
34633	42388	47942	42385	28745
51565	12168	40192	49511	52042
18130	63272	20749	10299	62427
10256	40327	58856	40384	10655
23236	58689	46558	53693	67873
65394	20874	6449	52680	62763
66652	26766	67263	15512	68005
62646	49181	23145	9975	12899
38300	25820	43822	5399	7574
31452	32309	934	58166	51405
50814	23752	37876	53695	54262
65707	31835	8265	9500	23997
36718	26609	53054	55976	56768
31202	43013	13024	24960	48779
31525	16869	23763	58323	46872
9010	10969	6586	35133	51466
32324	61212	32417	9212	68570
924	39044	36894	9620	66201
22327	4726	9701	10068	35108
45121	38745	10447	13317	47295
18191	53037	26450	8085	66446
53045	36899	39203	46487	41240
66200	30317	17497	25388	62093
11720	21762	31851	58776	53735
4223	10606	11232	43553	68556
45230	26415	20834	40291	65826
57125	51425	6084	38895	56265
36228	1337	53245	16765	25675
12497	25329	40434	53733	54558
51233	15312	25239	230	49727
4723	64020	51245	36612	6613
34151	45697	7576	4771	15313
48427	61344	20796	52635	55838
50118	23057	64068	30972	61076
38682	1116	20947	39177	45403
26574	22932	56388	11996	45189
60604	16321	44872	60333	65320
68204	9925	22353	17804	16860
49216	30829	18024	17942	66625
22342	7472	13110	19845	46895
14757	34611	47152	56878	62778
21178	57473	11406	12151	21419
57050	36619	29970	36110	60803
30068	1052	18584	44791	65128
66612	28282	2336	32259	52303
9110	22747	23132	38364	56038
42399	47884	58189	63423	16354
27499	49090	14408	14760	42506
17495	58987	37031	55186	67465
6608	30	20800	54666	56297
4700	41392	53515	60806	41179
16211	8404	32660	30503	40382
54375	37867	47244	42815	33894
23901	9791	39370	66940	66941
2079	44990	39606	12228	48908
44359	3000	32448	56709	65198
38122	2070	30596	8864	66901
52333	31052	52349	23797	31110
51808	32817	3440	36412	22842
56798	2795	36587	41550	42731
49817	14764	21448	31251	58704
1783	55667	4248	18139	48800
19133	22249	27911	40700	45159
44534	14848	27355	53304	14866
24834	55491	32481	33213	53502
59391	66207	53784	66024	8037
15503	52992	52913	41544	57547
34546	5709	10523	43346	24197
3545	41322	54712	58281	32612
12283	15347	740	44541	62379
45920	14395	19844	25823	51439
30392	27891	33789	38622	65347
38499	12485	20741	17970	50296
40947	16649	20892	42493	55937
16907	51259	32247	66259	47441
67706	63359	15961	1620	61608
28497	31312	30955	9977	2790
25755	39935	44577	44886	30800
369	223	5569	43588	27263
7060	32911	66830	20695	23660
33982	51844	23961	39271	39346
37219	10948	12118	30025	43692
26650	19699	32718	63223	65387
57371	54314	31986	39323	48032
1627	23821	35208	41342	60443
62636	64594	55505	59124	67869
62435	37174	13732	54097	54803
24443	22944	66951	24401	24419
33810	50657	22553	58320	65818
21807	5461	11237	50306	42497
13221	9172	23536	46824	60615
68161	25345	48307	51416	62439
43484	56089	30424	37957	53643
17801	21776	26202	33978	38619
14919	26948	41410	57062	64143
36775	27742	56063	52436	12284
57829	34138	46798	26610	46472
39264	15712	14225	29127	62605
25628	1737	12247	51264	42507
7464	2287	30260	45775	22466
5928	42038	42072	46350	67275
11742	22968	13591	37221	29756
50655	22110	26642	31559	64069
30407	68417	25285	62261	68386
2327	2117	29061	45750	46271
33262	8207	17794	18204	50515
50323	17511	21521	39321	62446
64163	56127	36418	38151	47776
10668	7432	24545	30462	47359
55511	13150	39616	33727	3196
27469	10067	40518	55954	57651
27092	43259	67508	68471	47510
32420	61289	54559	58600	64421
357	3761	55747	22633	46760
17304	7701	6224	6949	26453
9079	53483	11764	16984	61409
6797	1555	35949	44289	55746
19109	3752	37485	31624	25142
28095	14775	20169	39862	22565
21725	1512	44950	57326	501
13099	27074	64931	17700	66903
23026	22157	38334	38420	40105
53282	25325	29965	41981	45199
26952	1768	61511	56331	37344
1581	18993	25645	27313	60805
50033	11755	26394	50581	40101
33319	2895	41032	12298	61236
32611	41546	46728	48263	52960
13942	39169	23688	42732	43701
6610	68298	21699	31734	31993
20033	8254	39604	1562	44688
7930	17174	48984	43752	46471
51831	1856	61561	3966	34959
11427	8079	32930	50390	19083
491	27455	12492	493	58427
4692	15780	41467	42290	28140
16623	50794	37422	51741	54654
6229	49313	8426	10307	10309
24394	24325	58507	3905
47703	65086	57174	28970
9390	1196	7120	2557
65842	31038	48198	62554
17911	25249	32289	60061
31907	14500	41485	43812
63938	23970	53351	68656
22769	751	19096	21190
39984	43230	45562	18462
5263	302	14347	63219
29437	33721	10064	10186
68727	7201	16330	46879
41518	20674	15219	40737
53825	56237	34006	23706
14456	66440	3769	12498
27967	21153	9837	45018
42001	67045	43733	67037
40852	18866	22790	61192
54987	39231	8350	46725
22014	54076	2198	14511
51690	9502	47455	9523
47226	46919	39810	11219
46534	21598	4405	39244
4070	54274	12377	1691
16266	279	7714	33857
18424	46551	4690	11187
24117	46718	42935	43907
5187	58887	56184	55266
58546	3190	45188	47059
7522	51277	14934	36523
54369	17500	46861	50688
13824	4984	39410	64866
4387	32939	68651	51693
58188	16411	58348	2714
9746	11616	42892	34932
2416	11850	4533	10633
42595	65302	9227	17037
53316	60758	60759	68734
65697	13651	8600	9607
2044	23798	34184	41817
12015	6302	56581	61851
56504	42342	24315	42330
38614	8248	65880	20935
32017	51053	50081	62234
61509	33342	8306	48127
7590	28284	45850	57249
27735	6777	8143	31250
18109	28356	51784	53514
33029	65786	24119	45953
17300	13451	3191	47543
27434	10840	25269	32860
36494	30997	47604	58121
46975	44275	19813	47435
7491	22002	68162	55188
56800	39125	46671	57296
59834	23069	38090	55502
14103	6561	52959	59085
6859	1511	60945	15634
11660	26997	5156	57504
24165	46193	33782	9613
2536	54814	60218	67167
44753	58257	15469	51520
60861	34849	17405	27931
10756	46338	65615	66384
14324	22247	47391	14776
52259	29125	2088	46269
44721	1598	6185	26646
9757	15391	59303	64928
13278	58972	7909	40148
15843	793	20610	32260
26847	2882	40329	33254
68288	35911	55559	8140
46186	10198	645	10220
2270	44	27664	66884
14068	27024	4683	42734
41919	2702	12277	41201
32905	5981	52013	52677
50786	43004	47486	4082
68498	61745	40359	37199
14975	56320	51901	53617
46973	41432	499	11216
59986	21729	25307	27363
15751	57197	15007	24993
52313	42077	35339	41846
53192	3378	55515	4247
35665	37268	34948	4701
56008	22240	22492	26861
10242	363	4712	16575
29808	34827	55181	62455
21518	34481	49971	53788
30359	30887	48413	58030
18581	20457	38012	50152
64891	34519	36865	7186
58729	65126	66662	28475
45169	38937	46823	59123
39791	34605	47725	18885
13432	21575	23486	18981
36438	21154	33874	50790
10509	38163	46866	48252
26784	41843	10542	59304
15439	3352	41413	43905
57673	11530	13095	34268
64988	17436	49176	26767
19782	39331	47523	60647
47546	46557	16212	63221
20773	10298	1049	4895
62493	6467	8357	48747
1613	67125	190	10073
11024	28325	66959	49436
9675	13735	22652	36729
35941	760	11042	43753
28348	20732	12699	59361
28473	2525	59939	60221
50736	57377	40439	46161
24304	66593	22922	23121
21312	2965	47897	54253
1937	4776	9360	25330
19488	35697	40409	12368
55555	24632	37726	38205
12961	32563	53308	16985
62508	30971	25525	61558
47217	62466	25273	4918
63511	11409	12660	36621
40987	2758	13113	52711
19818	56571	16225	55445
45460	67623	10084	62095
54652	38057	55210	56561
48212	58386	46574	57398
28138	54048	8423	37049
12689	931	10906	54988
58069	51220	61078	52957
65940	35631	20134	65423
59651	1789	24122	67053
17431	4798	41303	59797
67268	43550	61174	2016
68278	68221	54044	54591
35021	16574	34204	50483
10815	58194	17175	34194
43095	10510	49184	35216
66541	60752	2337	40080
8698	39199	62936	50749
9804	31910	39445	55930
43242	8356	45699	64827
10402	2943	41094	68501
14783	55277	65309	32371
53797	51827	12238	55792
60148	165	2717	59835
17108	16218	15681	49554
36800	1631	16754	39600
7820	9213	23314	42472
8397	37653	11087	36605
18913	12890	5927	39584
13260	42384	20153	53690
25729	23618	30589	55262
15135	13097	29069	59096
41940	31024	56084	61416
20138	15225	3921	44936
1078	52050	52167	61325
2432	243	14116	28641
42358	9566	25141	59717
10901	63712	2693	50843
67933	9969	64909	24714
8887	63195	6322	15613
7871	49449	13017	64616
5888	43270	56665	63429
32171	14477	23024	38365
50935	19081	34665	9915
65930	26456	26651	63817
31969	4784	18467	33939
61588	23993	61849	51576
12175	23594	50922	47344
31583	22205	24004	58784
58994	63875	7498	66168
28371	14905	42043	52464
37500	56172	13429	21997
16641	6742	66889	61324
34198	46924	54655	60799
21735	41138	65232	65792
61757	4143	4463	45651
15402	16350	57558	57133
51719	362	33067	34267
15355	1198	4306	20410
45643	48878	25328	30868
4959	65626	15517	23173
36890	28986	36143	67507
25849	6834	13762	40897
27941	11181	45158	66178
19030	34399	59295	68224
27602	49016	28507	58611
20092	3930	39441	39444
14514	58466	9940	754
8110	42614	48777	35643
52889	216	16415	41468
57206	61448	20500	38870
52271	55229	50583	52260
5866	647	9985	59841
21489	30597	47525	58553
53638	23744	16477	19744
59130	6741	7932	63401
27670	24300	30796	41932
11471	31632	59810	48904
21716	18021	31306	44448
8216	8285	14939	15516
58811	45605	26629	26673
40989	36593	8611	34628
56886	12405	61234	67779
47451	60678	22749	55639
41977	22613	25280	36342
39964	58797	58838	67505
9323	14030	33980	33048
47433	24153	15640	62375
21251	21255	2125	21248
66298	48809	8112	35245
32727	24699	56168	60404
7754	26632	55487	34829
51771	29309	10126	51775
23220	24604	44005	64921
51176	45323	37313	21753
44583	13111	43049	45389
16233	20055	1638	40938
56430	13098	36400	56270
22301	35689	53995	53996
54594	31956	43741	59265
59809	22199	31669	63700
40048	50714	61423	56321
8359	35948	66149	57606
47822	57283	52922	56506
54164	5264	15668	65688
27127	4075	62889	64171
13211	6203	55679	52205
6218	50996	15021	45326
13443	18585	24089	31029
36928	31072	49677	51163
37011	20815	52529	50977
582	14088	62659	66998
2465	52544	18640	47949
63211	16060	12870	51269
10571	29945	52914	54098
50252	16824	31671	52565
28166	44646	40707	59626
55173	19281	20672	40290
39074	5603	45633	65931
54311	22463	55839	65260
66386	13809	12914	38254
1132	40351	13943	23482
48407	981	61520	62925
29047	18036	57616	58852
33072	3754	49962	62086
32295	52498	40806	25795
15755	5905	53997	15461
33871	21525	55743	46719
5433	3183	39045	42944
31836	15791	33935	41098
55704	30471	7577	20341
10927	58063	46666	56522
43485	13763	58195	66156
56231	12910	57207	68316
17941	52435	23204	37166
577	59886	41199	52161
26395	2690	41840	66157
17668	13752	31988	58773
24968	9028	40193	60679
27101	40732	32369	46661
8354	59108	66997	55546
22845	31377	41974	62428
1037	50676	52716	42163
166	41902	38354	62777
8194	13365	28707	52976
34747	44438	57263	65881
66413	67822	67319	68180
5765	67013	23146	26705
23634	66523	28462	31914
654	52207	51303	61614
34606	45195	35064	52051
13202	57097	22173	22467
47294	26043	51123	63413
39300	65625	54252	65518
23054	66250	49678
29181	42918	32500
65486	17378	53926
8188	5511	59078
55735	35244	42582
26363	38445	63788
45079	26530	1171
9605	10225	23923
35178	23499	45025
65857	2285	24626
12949	5997	36417
33847	4944	26619
40077	28671	54128
55387	28489	12268
66689	33454	29439
34071	9211	38656
50182	43371	68567
60481	17033	29045
22386	10430	54330
11180	60797	31705
27652	36290	1629
30881	19299	37884
47049	49356	42619
53159	25406	28440
29380	32462	50973
25091	66932	33548
43226	53540	34855
27312	56559	54271
66585	59238	25799
27822	13239	9285
19028	7183	32254
58147	51184	23841
6700	9935	50685
4446	14645	23607
46419	12581	22253
65338	11265	29292
18865	13274	51362
51204	48744	40115
9443	7918	13738
21858	48391	58135
26654	8602	37663
6831	7926	63381
26596	59366	63508
58898	52508	49910
42198	38850	67171
31376	46571	50684
32544	1283	46981
60516	8888	39601
16320	37737	27480
10054	27340	18265
6326	12081	15238
30766	56667	64951
15197	3035	23919
24259	338	15338
19102	3937	21313
62514	65284	50682
38730	25281	40400
41270	49517	11851
13550	45215	48883
16206	33252	62873
61556	8623	51219
13408	62370	60636
46402	9926	4967
6041	24333	24863
14476	24826	56999
19073	6864	67496
24504	52322	59918
159	62708	28443
23018	9930	32265
24856	1166	20995
12400	10532	24866
56677	1292	2872
15826	18113	49161
42923	9705	66703
16427	21286	9217
22605	44598	60184
702	11013	33925
49382	63142	56299
62682	66638	66546
43541	23633	25949
58301	33209	52964
9638	28988	45571
12227	22559	39031
38092	36484	54844
10882	179	9771
7108	53355	9643
11610	42818	36213
17030	3893	51235
35103	6225	8876
16921	22123	47491
57820	17198	54573
64859	25676	26454
57302	3904	5342
8521	10990	57550
18778	50645	50789
55140	45692	40135
388	26322	52916
45869	53495	47445
27849	60123	63522
16728	2695	47004
37538	20743	64103
51411	4651	20666
55924	63171	64493
23977	54275	64213
17634	2508	48251
4763	726	55881
57038	3363	12436
41221	1593	2377
3315	24395	66525
3511	794	61173
34869	39369	67264
2698	59512	10684
36278	47552	58613
19324	43318	44697
37359	67253	59122
53925	24260	43751
55787	39437	50624
56126	40292	41095
57920	12563	27320
12654	37013	54711
48993	27085	27337
10683	58458	53323
21963	18672	33207
3982	17039	65490
34742	25721	54099
9451	34646	10175
36154	17758	44288
40130	1189	53976
25019	7422	44784
63156	27135	12402
14742	23801	66256
17481	15851	47646
10474	29875	33316
25764	1579	62672
17876	25732	60728
44392	60368	60338
22189	51161	52194
2454	46790	58590
16958	24148	54122
40663	17506	6464
45495	19489	10289
61830	21093	8026
37887	44860	56384
42318	10602	41494
1552	10095	64892
414	14768	39602
18441	5494	9606
42481	16711	21996
53707	10803	12984
13700	9517	66170
56602	59883	40328
64244	10976	39368
63504	56247	969
24645	25682	31859
24805	55737	66945
47064	13962	44686
28649	63412	51413
47074	49427	50839
11199	19106	51427
58486	28851	47614
56712	12478	64081
55322	62977	65305
15612	21911	42277
45339	41101	31762
20799	43171	51376
45739	58493	49334
6578	35063	41858
51299	18540	46509
66598	41486	62376
43744	39235	6540
32881	41035	51110
64953	27764	7182
25314	40112	59150
14847	25357	54589
23860	9914	28861
334	59722	14509
59372	23458	49432
28753	195	51609
25590	653	48759
36522	52839	10654
40183	12445	10346
65359	16349	15213
37372	48727	30413
47518	13753	60932
54178	19977	32834
41028	30420	14498
14312	13446	27796
40104	62932	65319
45008	31959	10525
18908	53499	57368
20529	3015	55740
42499	40302	44848
47212	5500	42471
13742	7907	8398
23313	3983	48201
20558	59805	5278
3233	4979	8703
64917	21532	47647
65562	54788	53809
8193	42698	17555
7815	61238	64833
62316	67289	44068
37571	52835	57372
773	11515	65217
22498	35117	57282
6528	6519	20551
47490	39439	39367
47392	50371	39325
51857	6533	35699
38829	22623	25821
7449	13457	6091
12587	13341	28294
67524	42283	58785
23030	678	65121
11141	8587	44765
59553	4906	53864
66641	10829	40808
28579	23529	67317
30453	46406	46407
41853	60762	7499
6078	28376	15144
55709	23699	32549
28098	35482	45570
12190	62923	21522
65193	13355	2883
37369	16453	53644
49254	40937	63328
57173	56090	67821
13140	12462	65252
34033	27192	65833
6161	19181	23544
40750	16586	30869
38059	10806	25389
8509	42292	49820
62558	3313	7315
56191	11693	35116
11452	11445	57061
6476	32326	63728
19720	50815	62827
2842	10310	68470
57678	40369	57656
12700	1748	61223
37999	744	49849
55967	40042	62742
17885	41906	52864
68423	40333	57266
34952	22455	63705
37962	28759	23946
1973	56639	28738
47399	14232	11729
21331	43745	43750
35707	13705	44007
10405	29769	50158
40019	8868	54620
21418	31301	32264
7139	47817	48804
37661	15020	52948
67998	58199	58212
38434	41816	62663
15711	178	59090
51099	1165	42789
39176	13552	20200
40915	48882	58223
3780	47233	52240
25368	42288	61013
50662	26367	62779
31517	25278	63860
11734	24002	41168
8638	31028	32759
10295	20425	46788
67935	26542	41459
48082	30957	66211
43290	6182	59801
66359	41423	47878
14657	41538	51549
31420	49154	56071
26427	54698	31613
23525	3827	4477
20113	15357	42727
65213	28118	59715
33096	4085	67914
59097	43050	68113
39942	55749	48899
44884	60104	48835
53161	23807	54429
42857	37934	52123
41427	14350	51249
53910	44605	60612
34598	5816	64815
35370	10317	43777
62081	2940	10288
33108	27802	49219
23567	2665	28639
14940	33204	38894
735	36924	43952
37042	19460	53023
41942	39778	44571
40665	23908	60874
25845	10300	47583
32110	6780	58149
38127	47085	3051
9219	59806	41700
23501	23605	35043
9902	46444	62235
41793	68474	48824
1488	35217	45186
43260	26552	43729
5808	38832	50658
32716	27266	53026
39775	33811	4981
11421	59731	62926
60336	13416	61856
35062	19188	39274
12472	15406	21189
38015	30787	59910
56670	56156	63186
20619	34310	66470
11238	4465	11619
37054	49	49046
50895	28204	50896
43895	27448	46573
18256	6776	41920
50155	38167	58270
65597	65227	60557
10182	52004	60286
67778	62766	13362
1484	7992	50711
54120	50753	62421
6778	67284	68208
41033	2716	47416
65237	22282	54557
37664	34824	40391
23062	15116	60871
18679	58826	46140
13726	13208	42730
31423	28952	34190
4886	2662	34266
1592	62452	42735
17948	40	46478
22566	6183	31315
39267	39266	62552
13200	6595	22472
36150	6867	53055
61419	41010	66544
42783	26364	63383
291	57374	23067
12461	12460	59685
30255	1847	39040
66475	66292	68008
22750	7905	48109
67175	41589	68026
38767	25404
7237	47880
44934	60251
18956	45543
14304	30886
14823	9559
21380	30478
4354	61176
36860	57628
62227	13769
66135	20817
48327	52009
51464	21095
21477	42890
49794	10787
27910	26511
54785	34174
51962	1347
19917	8605
37932	38824
32368	6381
51659	56728
46894	13586
7181	35483
23674	17886
42653	66829
36192	64834
39688	17034
25569	10024
22916	41831
25902	2128
66995	39408
60024	32291
60751	22869
56948	46703
23448	22035
64813	28553
57542	22722
1003	32548
17940	38425
29941	44442
42067	27027
59205	25064
57145	39076
29017	58823
42029	60045
52121	11663
58222	35338
47677	50643
13133	13704
67820	25614
14495	12661
28633	4255
15168	62437
31612	55931
4621	16808
32749	58133
12818	25635
13093	14355
16853	23480
34364	52253
41896	14411
49332	12359
52690	2737
60839	36602
29334	42019
38785	42006
58316	26478
55570	48577
37332	23176
8253	27728
45521	20161
39020	19283
8558	62660
666	26930
14653	31422
49743	41857
18498	23846
50972	68317
273	10537
22107	39803
24231	50055
67790	20742
50830	7348
56382	5830
68302	65729
41928	25570
9815	67757
39434	54626
11599	7743
19420	46515
55497	10231
56264	66152
7901	14510
23659	1338
43425	30015
13052	32761
20883	51426
63303	1779
36767	29000
55126	1127
50295	67828
21747	27222
61232	42326
28549	41484
36163	11516
30461	7296
19224	51574
33786	30412
43361	20458
20125	41479
1778	51891
32655	16029
61169	8416
65586	2762
15604	31398
19342	27767
63979	177
18601	59407
22280	22126
30876	23178
63380	22016
60311	25144
51553	20661
28001	28881
36540	36581
26827	52314
35363	61295
40345	742
68323	47249
42725	60682
61381	58901
30863	31838
53844	60941
23037	57259
53426	26460
28737	46339
48405	37781
13314	23055
11264	31620
11458	56776
1099	66883
34264	67323
19237	27937
50699	13462
6481	34505
23698	3906
31462	43769
62803	63614
18720	39961
42610	40348
1185	65133
29117	31159
25773	22427
16753	4842
43481	49667
47610	47358
55095	32613
28656	47713
44842	51186
52012	44267
53349	53350
31178	52749
50673	16424
52766	63586
66936	3581
22589	28121
11281	19282
60177	41608
38341	54807
55158	41320
64352	58703
4241	5498
32135	58858
26422	9303
28697	43105
823	66411
56274	17887
34298	68177
36267	19787
25056	50958
51482	16696
6622	15023
13884	6046
21568	25060
3373	26707
55180	46405
54919	55281
68147	20878
38705	58414
60453	56298
64426	41610
38145	40595
58733	6044
28723	38825
39523	58738
19318	181
37233	50924
25571	58075
24181	7353
55133	29763
3430	36525
68631	43018
4336	55805
23617	52681
52149	65711
58267	49544
16883	58842
57681	2735
55548	41519
27073	14226
34173	23318
52481	63463
16448	26148
63618	3750
29312	60108
50205	9391
60645	34464
61201	32597
13158	3466
47642	16730
26146	17510
16810	894
49553	19703
3125	13318
34797	36156
58851	11686
68144	68003
18285	1630
52712	20625
16831	67870
25188	25304
60030	30911
4284	48830
68477	9887
42788	8138
14461	63208
2829	53752
32581	61649
47623	7594
12557	15201
52160	42691
47574	36237
58192	27094
67157	37168
24492	17915
56227	15036
65208	47605
65891	50677
35054	63203
22234	6718
68636	32582
9775	32248
11618	57445
27855	38016
40655	58496
26641	37050
68329	15778
63904	10661
1202	18639
20865	1186
37626	46727
50434	43779
4111	50435
64210	40580
32924	52027
61591	54125
20041	55814
50386	31464
24088	30956
13840	36913
9305	41305
56759	67130
932	60627
23643	31382
31514	65622
50893	40392
2076	28200
44683	23980
29300	21182
66169	62047
20801	13245
43156	6801
65384	13941
30553	52925
65120	8599
48891	42925
23465	60811
31837	5141
59514	51300
17408	52510
24824	39588
35207	22238
24883	28665
59357	34206
15108	17950
33246	3579
23179	41424
21447	58530
37953	58426
8031	37000
44793	5890
41203	55964
52239	14047
36682	55263
12211	28652
20	39586
61248	60175
49022	1932
40390	21293
47051	2711
39144	7360
12867	8794
50692	5748
53521	42502
50079	41180
64191	49110
2704	12900
57614	176
65825	25638
44996	34960
48409	55161
12829	38493
65230	13707
50514	53309
26379	5898
26805	2339
37077	28086
49108	31865
42491	50576
36072	20036
59141	4083
44555	44066
55657	49300
7906	3498
44610	64387
23838	57272
62076	25639
9793	68025
12952	47421
36600	40396
67760	39551
41469	60873
30948	7713
13156	27191
38084	65651
9319	46745
61636	39776
57396	7140
16827	32409
56244	67318
5904	32443
44618	5976
24780	2514
38742	18680
56568	15467
30372	28051
57549	375
43548	52750
52763	23122
11957	11954
61032	54787
38931	55837
59171	25145
24788	22356
10804	2170
54574	47058
63791	62785
11077	51708
10660	1293
43486	62692
53689	15756
47748	5557
5914	242
40334	45124
56679	43908
58162	22933
52193	34801
5601	49453
10830	10318
48871	9550
47681	25592
63367	10949
50760	27
11535	51045
25143	32473
18220	7077
32780	66251
37195	54261
40592	25207
29071	5344
43555	11094
24825	7074
68205	3192
4920	19666
43151	23537
46857	66441
30318	66026
34821	47219
9574	66616
55182	36084
2939	18247
21385	3012
52967	51044
61661	3481
2255	29944
68500	1570
5384	30778
61350	295
54113	33950
10960	33253
21573	19319
16036	40297
15442	6534
50112	36999
27046	47588
25031	10570
10569	50689
10475	7240
50418	50683
60312	38861
34830	24789
50362	14345
56295	38081
30912	9927
62250	14522
43284	21392
37395	11662
59697	8985
22438	41949
23346	30915
7766	9615
61198	59692
65238	31973
5982	35762
49109	25822
67407	56157
41198	31975
28951	22257
53283	44072
33791	20552
16226	66496
13265	39073
66383	65789
36116	8308
48393	28640
12214	4113
30378	8081
61835	61351
38150	35119
63856	27461
27864	17398
43520	39149
21907	21563
13799	58456
6494	1985
29929	26613
16936	3361
21904	28030
67127	22116
54263	59723
3782	43579
49435	50417
32246	11761
46585	60284
54595	18266
4869	4128
68045	12444
42517	27442
48805	40223
28704	42942
34484	27035
57002	15846
41839	38379
5392	4912
27699	40751
11183	68331
9524	55260
61197	7768
52185	31950
26735	66415
42503	40347
44978	32372
23983	19225
57257	32255
5944	20554
41008	39197
21590	67276
32112	42392
29184	59400
50674	36914
44847	6510
59478	50634
7350	6285
47975	23133
49765	39976
40539	9612
44263	39236
14046	37364
62753	24400
31882	55807
62052	49878
63407	41109
22153	2517
33795	32552
47231	8971
54242	20057
42600	26770
45467	18136
32915	1769
61449	11688
8218	482
43755	22554
51173	40134
65599	11043
67927	47886
22625	18681
18243	2659
42073	49452
14405	30884
46484	45905
32804	23288
32303	6043
56641	1188
64698	11079
36904	67805
68163	62931
21864	3487
45	50160
11988	11992
66833	24125
25288	59923
64599	55682
55935	41837
20058	6170
31880	28045
61194	13367
53160	23289
13551	36117
28331	18575
45182	22573
36891	8576
48736	43589
39382	12434
59710	10409
13019	6792
59708	277
42501	68000
38436	769
49153	28862
38860	6587
55974	45391
37503	5965
64427	4107
30417	20108
41699	41697
17045	7400
52061	42773
22788	51334
42945	23719
65314	39130
50333	4985
16762	7356
31330	23283
14426	24239
11730	34199
36115	22111
34200	13366
27048	26849
48584	25277
32277	27076
22387	10410
7423	6832
35065	42891
64354	50915
38868	23152
16758	4313
26469	64615
58788	8146
32466	27128
41844	10116
11098	49693
22156	2885
12419	30580
66586	28163
27677	18434
67707	49967
56092	55748
65029	25503
4406	61834
21867	13336
51513	32913
22844	15267
37192	1770
21188	928
64597	29118
50663	39613
67911	53440
35916	20867
65194	20006
62445	26140
39273	7128
52764	10296
9941	39552
49457	27653
58508	36606
58454	39088
13727	22256
51521	38109
13246	26314
54179	27158
39962	22284
13775	66653
743	358
57018	47864
42943	26726
58377	9912
65798	9558
30469	23180
65239	64621
43730	9168
15006	3992
10572	7925
13210	41936
57600	39128
31808	56645
62879	35912
10498	44764
22784	10319
59887	13201
32757	66822
12218	680
42345	977
28083
3826
22838
42581
49939
26021
27926
23778
9994
54424
44820
37616
48666
54556
40894
55442
61475
5063
28268
50568
39723
8329
15089
53302
19734
35725
3342
38253
7379
61942
49658
37482
20994
36033
35236
3465
39069
48724
10170
457
55259
818
24144
215
3890
25948
26860
21952
56970
21411
2410
50029
36965
34989
57323
9790
7668
175
39582
31921
7780
13347
17817
50149
58028
21978
47317
56704
10943
11986
46377
29546
10136
39696
48073
10211
56775
